5: baaed, azure, azoth, azote, azons, azole, azoic, azlon, azine, azido, azide, azans, ayins, ayahs, axons, axone, axmen, axman, axles, axled, axite, axion, axiom, axing, axils, axile, axial, axels, awols, awoke, awned, awing, awful, awash, aware, award, awake, await, avows, avoid, aviso, avion, avian, avgas, avert, avers, avens, avast, avant, avail, auxin, autos, aurum, auris, auric, aures, aurei, auras, aurar, aural, aurae, aunty, aunts, aulic, augur, aught, auger, audit, audio, audad, attic, attar, atrip, atria, atopy, atony, atone, atomy, atoms, atoll, atmas, atman, atlas, atilt, ataxy, ataps, asyla, astir, aster, asset, asses, assed, assay, assai, aspis, aspic, asper, aspen, askos, askoi, askew, asker, asked, aside, ashes, ashen, ashed, asdic, ascus, ascot, asana, aryls, arvos, arval, arums, artsy, artel, artal, arson, arsis, arses, arrow, arris, array, arras, arpen, arose, aroma, aroid, armor, armet, armer, armed, arles, arise, arils, ariel, arias, arhat, argus, argue, argot, argon, argol, argle, argil, argal, arete, arena, areic, areca, areas, areal, areae, ardor, ardeb, arcus, arced, arbor, araks, aquas, aquae, aptly, apter, apsis, apses, apron, apres, apply, apple, appel, appal, aport, apods, antic, apnea, apish, aping, apian, aphis, aphid, apery, apers, apeek, apeak, apart, apace, aorta, anvil, antsy, antre, antra, antis, antes, anted, antas, antae, ansae, anomy, anole, anode, anoas, annul, annoy, annex, annas, annal, anlas, ankus, ankle, ankhs, anise, anion, animi, anime, anima, anils, anile, angst, angry, angle, anger, angel, angas, anent, anele, anear, ancon, amyls, amuse, amuck, ampul, amply, ample, amour, amort, among, amole, amoks, amnio, amnic, amnia, ammos, amity, amiss, amirs, amins, amino, amine, amigo, amiga, amies, amids, amido, amide, amici, amice, amias, ament, amens, amend, ameer, ameba, ambry, ambos, amble, ambit, amber, amaze, amass, amain, amahs, alway, alums, alula, altos, altho, alter, altar, alpha, aloud, aloof, along, alone, aloin, aloha, aloft, aloes, almug, almud, almes, almeh, almas, almah, allyl, alloy, allow, allot, allod, alley, allee, allay, alkyl, alkyd, aliya, alive, alist, aline, alike, align, alifs, alien, alibi, alias, algum, algor, algin, algid, algas, algal, algae, alfas, alert, aleph, alefs, alecs, aldol, alder, alcid, album, albas, alate, alary, alarm, alant, alans, alang, alane, aland, alamo, alack, akene, akela, akees, ajuga, ajiva, aiver, aitch, aisle, airts, airth, airns, airer, aired, aioli, aimer, aimed, ailed, aides, aider, aided, ahull, ahold, ahead, agues, agria, agree, agora, agony, agons, agone, agmas, aglow, agley, aglet, aglee, agist, agism, agios, aging, agile, aghas, aggro, aggie, agger, agers, agent, agene, agaze, agave, agate, agars, agape, agama, again, after, afrit, afoul, afore, afoot, afire, affix, afars, aerie, aeons, aegis, aedes, aecia, adzes, adyta, adust, adunc, adult, acari, abyss, abysm, abyes, abuzz, abuts, abuse, adoze, adown, adorn, adore, adopt, adobo, adobe, admix, admit, admen, adman, adits, adios, adieu, adept, adeem, addle, adder, added, addax, adapt, adage, acyls, acute, actor, actin, acted, acrid, acres, acred, acorn, acold, acock, acnes, acned, acmic, acmes, ackee, acini, acing, acidy, acids, achoo, aches, ached, aceta, acerb, abris, above, about, abort, aboon, aboma, aboil, abohm, abode, abmho, ables, abler, abide, abhor, abets, abele, abeam, abbot, abbey, abbes, abbas, abate, abash, abase, abamp, abaka, abaft, aback, abaci, abaca, aargh, aalii, aahed    
5: brume, bruit, bruin, brugh, brows, brown, broth, brosy, brose, broos, broom, brook, brood, bronc, bromo, brome, broke, broil, brock, broad, britt, brits, brisk, brios, briny, brins, brink, bring, brine, brims, brill, brigs, bries, brier, brief, bride, brick, bribe, briar, brews, breve, brent, brens, brees, breed, brede, bream, break, bread, braze, braza, brays, braxy, braws, brawn, brawl, bravo, bravi, brave, brava, brats, brass, brash, brant, brans, brank, brand, braky, brake, brain, brail, braid, brags, braes, brads, bract, brach, brace, bozos, boyos, boyla, boyar, boxes, boxer, boxed, bowse, bowls, bower, bowel, bowed, bovid, bouts, bousy, bouse, bourn, bourg, bound, boule, bough, botts, bothy, botel, botch, botas, bosun, bossy, boson, bosom, bosky, bosks, bortz, borty, borts, boron, borne, boric, bores, borer, bored, borax, boras, boral, boozy, booze, booty, boots, booth, boost, boors, boons, boomy, booms, books, boogy, booed, booby, boobs, bonze, bonus, bonny, bonne, bonks, bongs, bongo, boney, bones, boner, boned, bonds, bombs, bombe, bolus, bolts, bolos, bolls, boles, bolds, bolas, bolar, boite, boing, boils, bohea, bogus, bogle, bogie, boggy, bogey, bogan, boffs, boffo, bodes, boded, bocks, boche, bocci, bocce, bobby, boats, boast, boart, boars, board, blype, blush, blurt, blurs, blurb, blunt, blume, bluff, bluey, bluet, blues, bluer, blued, blubs, blowy, blows, blown, blots, bloop, bloom, blood, blond, bloke, blocs, block, blobs, bloat, blitz, blite, bliss, blips, blink, blini, blind, blimy, blimp, blets, blest, bless, blent, blend, bleep, bleed, blebs, bleat, blear, bleak, blaze, blaws, blawn, blats, blate, blast, blase, blare, blank, bland, blams, blame, blain, blahs, blade, black, blabs, bizes, bitty, bitts, bitsy, bites, biter, bitch, bison, bisks, bises, birth, birse, birrs, birls, birle, birks, birds, birch, bipod, biped, biota, biont, biome, bints, binit, bingo, binge, bines, binds, bindi, binal, bimbo, bimas, bimah, billy, bills, bilks, bilgy, bilge, biles, bilbo, bikie, bikes, biker, biked, bijou, bigot, bigly, bight, bifid, biffy, biffs, biers, bield, bidet, bides, bider, bided, biddy, bices, bible, bibbs, bialy, biali, bhuts, bhoot, bhang, bezil, bezel, bewig, bevor, bevel, betta, beton, beths, betel, betas, bests, besot, besom, beset, beryl, berth, berry, berms, berme, bergs, beret, bents, benny, benni, benne, benes, bendy, bends, bench, bemix, bemas, belts, below, belly, bells, belle, belie, belga, belch, belay, being, beigy, beige, begun, begum, begot, begin, beget, begat, began, befog, befit, beets, beery, beers, beeps, beefy, beefs, beech, bedim, bedew, bedel, becks, becap, bebop, beaux, beaut, beaus, beats, beast, bears, beard, beans, beano, beamy, beams, beaky, beaks, beady, beads, beach, bazoo, bazar, bayou, bayed, bawty, bawls, bawdy, bawds, baulk, bauds, batty, battu, batts, baton, batik, baths, bathe, bates, bated, batch, basts, baste, bassy, basso, bassi, basks, basis, basin, basil, basic, bases, baser, based, basal, barye, barre, baron, barny, barns, barmy, barms, barky, barks, baric, barge, barfs, bares, barer, bared, bards, barde, barbs, barbe, banty, banns, banks, banjo, bangs, banes, baned, bandy, bands, banco, banal, balsa, balmy, balms, bally, balls, balky, balks, bales, baler, baled, baldy, balds, balas, bakes, baker, baked, baize, baiza, baits, baith, bairn, bails, bahts, baggy, bagel, baffy, baffs, badly, badge, baddy, bacon, backs, bacca, babus, babul, baboo, babka, babes, babel, babas, baals    
5: comix, comic, comfy, comet, comes, comer, combs, combo, combe, comas, comal, comae, colza, colts, coins, coils, coign, coifs, cohos, cohog, cogon, coffs, coeds, codon, codex, codes, coder, coden, coded, codec, codas, color, colon, colog, colly, colin, colic, coles, coled, colds, colas, cokes, coked, coirs, clump, clues, clued, cluck, clubs, cloze, cloys, clown, clove, clout, clour, cloud, clots, cloth, close, clops, cloot, clons, clonk, clone, clomp, clomb, clogs, clods, clock, cloak, clits, clipt, clips, clink, cling, cline, clime, climb, clift, cliff, click, clews, clerk, clept, clepe, cocos, cocoa, cocky, cocks, cocci, cocas, cobra, coble, cobia, cobby, cobbs, coats, coati, coast, coapt, coaly, coals, coala, coact, coach, clunk, clung, cleft, clefs, cleek, cleat, clear, clean, clays, claws, clavi, clave, clast, class, clasp, clash, clary, claro, clapt, claps, clans, clank, clang, clams, clamp, claim, clags, clads, clade, clack, clach, civvy, civil, civie, civic, civet, cites, citer, cited, cists, cissy, cisco, cirri, cires, circa, cions, cines, cinch, cimex, cilia, cigar, cider, cibol, chyme, chyle, chute, churr, churn, churl, chunk, chums, chump, chugs, chuff, chufa, chuck, chubs, chows, chott, chose, chore, chord, chops, chook, chomp, cholo, choky, choke, choir, chock, chivy, chive, chits, chirr, chirp, chiro, chirm, chirk, chips, chins, chino, chink, chine, china, chimp, chime, chimb, chill, chili, chile, child, chiel, chief, chide, chics, chico, chick, chias, chiao, chewy, chews, chevy, cheth, chest, chess, chert, chemo, chela, chefs, cheer, cheep, cheek, check, cheat, cheap, chays, chaws, chats, chasm, chase, chary, chart, chars, charr, charm, chark, chare, chard, chapt, chaps, chape, chaos, chant, chang, chams, champ, chalk, chair, chain, chaff, chafe, chads, cetes, cesti, cesta, ceros, ceric, ceria, ceres, cered, cerci, cepes, ceorl, centu, cents, cento, cense, celts, celom, cells, cello, celli, cella, celeb, ceils, ceiba, cedis, cedes, ceder, ceded, cedar, cecum, cecal, cebid, cease, cawed, cavil, cavie, caves, caver, caved, cause, cauls, caulk, cauld, catty, cates, cater, catch, casus, casts, caste, casky, casks, cases, cased, casas, carve, carts, carte, carse, carry, carrs, carps, carpi, carom, carol, carob, carny, carns, carls, carle, carks, cargo, carex, caret, cares, carer, cared, cards, carbs, carbo, carat, caput, capos, capon, caphs, capes, caper, caped, canty, cants, canto, canst, canso, canon, canoe, canny, canna, canid, canes, caner, caned, candy, canal, campy, camps, campo, campi, cames, cameo, camel, camas, calyx, calve, calos, calms, calls, calla, calks, calix, calif, calfs, cakey, cakes, caked, cajon, cairn, caird, cains, caids, cahow, cagey, cages, cager, caged, caffs, cafes, caeca, cadre, cadis, cadgy, cadge, cadet, cades, caddy, cacti, cache, cacas, cacao, cabob, cable, cabin, caber, cabby, cabal, byway, bytes, byssi, byrls, byres, bylaw, bwana, buyer, buxom, butyl, butut, butty, butts, butte, butle, butes, buteo, butch, busty, busts, busks, bushy, buses, bused, busby, burst, burse, bursa, burry, burrs, burro, burps, burnt, burns, burly, burls, burke, burin, burgs, burgh, buret, burds, burbs, buras, buran, buoys, bunya, bunts, bunny, bunns, bunks, bunko, bungs, bundt, bunds, bunco, bunch, bumpy, bumps, bumph, bumfs, bully, bulls, bulla, bulky, bulks, bulgy, bulge, bulbs, built, build, buhrs, buhls, bugle, buggy, buffy, buffs, buffo, buffi, budge, buddy, bucks, bucko, bubby, bubal, brute, brusk, brush, brunt    
5: doest, doers, dodos, dodgy, dodge, docks, dobro, dobra, dobla, dobie, dobby, doats, djins, djinn, dizzy, dizen, dixit, diwan, divvy, divot, dives, diver, dived, divas, divan, ditzy, ditty, ditto, ditsy, dites, ditch, ditas, disme, disks, dishy, discs, disco, disci, dirty, dirts, dirls, dirks, dirge, direr, dipso, dippy, diols, diode, dints, dinky, dinks, dingy, dings, dingo, dinge, dines, diner, dined, dinar, dimly, dimes, dimer, dilly, dills, dildo, dikey, dikes, diker, diked, digit, dight, diets, diene, didst, didos, didie, dicty, dicta, dicot, dicky, dicks, dicey, dices, dicer, diced, diazo, diary, dials, dhuti, dhows, dhoti, dhole, dhobi, dhals, dhaks, dexie, dexes, dewed, dewax, dewar, dewan, devon, devil, devel, devas, deuce, detox, deter, desks, desex, derry, derms, derma, derby, deray, derat, depth, depot, deoxy, dents, dense, denim, denes, denar, demur, demos, demon, demob, demit, demes, delve, delts, delta, delly, dells, delis, delft, delfs, deles, deled, delay, dekko, dekes, deked, deity, deist, deism, deils, deign, deify, deice, degum, degas, defog, defis, defer, defat, deets, deers, deeps, deems, deedy, deeds, dedal, decry, decoy, decos, decor, decks, decay, decal, decaf, debye, debut, debug, debts, debit, debar, deave, death, deash, deary, dears, deans, dealt, deals, deair, deads, dazes, dazed, dawts, dawns, dawks, dawen, dawed, davit, daven, dauts, daunt, dauby, daubs, daube, datum, datto, datos, dates, dater, dated, dashy, dashi, darts, darns, darky, darks, daric, dares, darer, cynic, cymol, cymes, cymas, cymar, cymae, cylix, cyder, cyclo, cycle, cycas, cycad, cyans, cyano, cutup, cutty, cutis, cutin, cutie, cutey, cutes, cuter, cutch, cusso, cusps, cusks, cushy, cusec, curvy, dared, darbs, danio, dangs, dandy, dance, damps, damns, dames, damar, daman, dally, dales, daisy, dairy, daily, dahls, dagos, dagga, daffy, daffs, dados, daddy, dadas, dacha, daces, czars, cyton, cysts, curve, curst, curse, curry, currs, curns, curly, curls, curio, curie, curia, curfs, curet, cures, curer, cured, curdy, curds, curch, curbs, cuppy, cuppa, cupid, cupel, cunts, cumin, cults, culti, culpa, culms, cully, culls, culex, culet, culch, cukes, cuish, cuing, cuifs, cuffs, cuddy, cubit, cubic, cubes, cuber, cubed, cubeb, cubby, crypt, crwth, crust, crush, cruse, crura, cruor, crump, crumb, cruet, cruel, cruds, crude, cruck, croze, crows, crown, crowd, croup, cross, crore, crops, croon, crook, crony, crone, croft, crocs, crock, croci, croak, crisp, cripe, crimp, crime, cries, crier, cried, crick, cribs, crews, crest, cress, crepy, crept, crepe, creme, creep, creel, creek, creed, credo, cream, creak, crazy, craze, craws, crawl, crave, crate, crass, crash, craps, crape, crank, crane, crams, cramp, crake, crags, craft, crack, crabs, count, could, cough, coude, couch, cotta, cotes, coted, cotan, costs, craal, cozie, cozey, cozes, cozen, coypu, coyly, coyer, coyed, coxes, coxed, coxal, coxae, cowry, cowls, cower, cowed, covin, covey, covet, coves, cover, coven, coved, couth, court, coups, coupe, costa, cosie, cosey, coset, coses, cosec, corse, corps, corny, cornu, corns, corms, corky, corks, coria, corgi, cores, corer, cored, cords, corby, coral, copse, copra, copes, coper, copen, coped, copal, coots, coopt, coops, coons, coomb, cooly, cools, cooky, cooks, coofs, cooey, cooer, cooee, cooed, cooch, conus, conto, conte, conns, conky, conks, conin, conic, congo, conge, conga, coney, cones, coned, condo, conch, comte, compt, comps, compo, commy, comma    
5: fates, fated, fatal, fasts, farts, faros, farms, farls, farle, fares, farer, fared, fards, farcy, ferry, ferny, ferns, fermi, ferly, feria, feres, feral, feoff, feods, fenny, fends, fence, femur, femme, femes, felts, felon, felly, fells, fella, felid, feist, feint, feign, feeze, feels, feeds, fecks, feces, fecal, facia, facet, faces, facer, faced, fable, eyrir, eyrie, eyres, eyras, eying, eyers, exurb, exult, exude, extra, extol, farci, farce, farad, faqir, fanum, fanos, fanon, fanny, fangs, fanga, fanes, fancy, fames, famed, false, falls, fakir, fakey, fakes, faker, faked, faith, fairy, fairs, faint, fails, fagot, fagin, faggy, faery, faena, fados, fadge, fades, fader, faded, faddy, facts, expos, expel, expat, exons, exits, exist, exine, exile, exert, execs, excel, exams, exalt, exact, ewers, evoke, evite, evils, evict, every, evert, event, evens, evade, euros, etyma, etwee, etuis, etude, etnas, ethyl, ethos, ethic, ether, etape, estop, ester, esses, essay, esker, eskar, escot, escar, ervil, erupt, erugo, eruct, erses, error, erred, erose, erode, ernes, erica, ergot, erect, erase, equip, equid, equal, epoxy, epode, epoch, epics, ephor, ephod, ephas, ephah, epees, epact, eosin, enzym, envoy, envoi, enure, entry, entia, enter, ensue, ensky, enrol, enows, enorm, enols, enoki, ennui, enjoy, enemy, enema, endue, endow, ender, ended, enate, enact, emyds, emyde, empty, emote, emmet, emmer, emits, emirs, emeus, emery, emend, emeer, emcee, embow, ember, embed, embay, embar, email, elves, elver, elute, elude, elope, eloin, elite, elint, elide, elfin, elemi, elegy, elect, elder, elbow, elate, elans, eland, elain, eking, eject, eikon, eight, eidos, eider, egret, egger, egged, eggar, egest, egers, egads, eerie, educt, educe, edits, edile, edify, edict, edges, edger, edged, edema, ecrus, eclat, echos, eches, eched, ebony, ebons, ebbet, ebbed, eaves, eaved, eater, eaten, easts, eases, easel, eased, earth, earns, early, earls, eared, eagre, eagle, eager, dynes, dynel, dykey, dykes, dyked, dying, dyers, dyads, dwine, dwelt, dwell, dweeb, dwarf, duvet, dutch, dusty, dusts, dusky, dusks, durum, durst, durrs, durra, duros, duroc, durns, dures, dured, duras, dural, duple, dupes, duper, duped, duomo, duomi, dunts, dunks, dungy, dungs, dunes, dunch, dunce, dunam, dumpy, dumps, dummy, dumky, dumka, dumbs, dumas, dulse, dully, dulls, dulia, dukes, duked, duits, duffs, duets, duels, dudes, duded, duddy, ducts, ducky, ducks, duchy, duces, ducat, ducal, duals, duads, dryly, dryer, dryad, druse, drupe, drunk, drums, druid, drugs, drubs, drown, drove, drouk, dross, dropt, drops, droop, drool, drone, droll, droit, droid, drive, dript, drips, drink, drily, drill, drift, dries, drier, dried, dribs, drest, dress, dreks, dregs, drees, dreed, dreck, drear, dream, dread, drays, draws, drawn, drawl, drave, drats, drape, drank, drams, drama, drake, drain, drail, drags, draft, draff, drabs, dozes, dozer, dozen, dozed, doyly, doyen, doxie, dowse, dowry, downy, downs, dowie, dower, dowel, dowed, dowdy, doves, doven, douse, doura, doums, douma, dough, douce, doubt, dotty, dotes, doter, doted, dotal, doses, doser, dosed, dorty, dorsa, dorrs, dorps, dormy, dorms, dorky, dorks, dopey, dopes, doper, doped, dopas, doozy, doors, doomy, dooms, dooly, donut, donsy, donor, donne, donna, dongs, donga, donee, donas, domic, domes, domed, domal, dolts, dolor, dolma, dolly, dolls, doles, doled, dolci, dolce, dojos, doits, doing, doily, dogma, dogie, doggy, doggo, dogey, doges, doffs, doeth    
5: gists, gismo, girts, girth, girsh, giros, giron, girns, girly, girls, girds, gipsy, gipon, ginny, ginks, gimpy, gimps, gimme, gimel, gilts, gilly, gills, gilds, gigue, gigot, gighe, gigas, gifts, giddy, gibes, giber, gibed, giant, ghyll, ghoul, ghost, ghees, ghazi, ghaut, ghats, ghast, geums, getup, getas, gests, geste, gesso, germy, germs, gerah, geoid, geode, genus, genua, gents, genro, genre, genom, genoa, genip, genii, genie, genic, genet, genes, gemot, gemmy, gemma, gelts, gelid, gelee, gelds, geest, geese, geeky, geeks, gecks, gecko, gears, gazoo, gazes, gazer, gazed, gazar, gayly, gayer, gayal, gawsy, gawps, gawky, gawks, gavot, gavel, gauzy, gauze, gauss, gaurs, gaunt, gaums, gault, gauge, gaudy, gauds, gator, gates, gated, gasts, gassy, gasps, gases, garth, garni, garbs, gappy, gapes, gaper, gaped, gaols, ganof, ganja, gangs, ganev, ganef, gamut, gamps, gammy, gamma, gamin, gamic, gamey, games, gamer, gamed, gambs, gambe, gamba, gamay, gamas, galop, gally, galls, gales, galea, galax, galas, galah, gaits, gains, gaily, gages, gager, gaged, gaffs, gaffe, gadis, gadid, gaddi, gable, gabby, fytte, fykes, fyces, fuzzy, fuzil, fuzes, fuzee, fuzed, futon, fusty, fussy, fusil, fuses, fusel, fusee, fused, furzy, furze, furry, furor, furls, furan, funny, funky, funks, fungo, fungi, funds, fundi, fumet, fumes, fumer, fumed, fully, fulls, fujis, fugus, fugue, fugle, fugio, fuggy, fugal, fuels, fudge, fucus, fucks, fubsy, fryer, frump, fruit, frugs, froze, frows, frown, froth, frost, frosh, frore, front, frons, frond, frogs, froes, frock, frizz, fritz, fritt, frits, frith, frisk, frise, frill, frigs, fries, frier, fried, friar, frets, fresh, frere, frena, fremd, frees, freer, freed, freak, frays, fraud, frats, frass, fraps, frank, franc, frame, frail, frags, foyer, foxes, foxed, fowls, fovea, fours, fount, found, fouls, fosse, fossa, forum, forty, forts, forth, forte, forms, forme, forky, forks, forgo, forge, fores, fords, fordo, force, forby, forbs, foray, foram, footy, foots, fools, foods, fonts, fondu, fonds, folly, folky, folks, folio, folia, folds, foist, foins, foils, fohns, fogie, foggy, fogey, foehn, focus, focal, foamy, foams, foals, flyte, flyer, flyby, fluyt, fluty, flute, flush, fluor, flunk, flung, flump, flume, fluky, fluke, fluid, fluff, flues, flued, flubs, flows, flown, flout, flour, flota, floss, flora, flops, floor, flood, flong, flogs, floes, flocs, flock, float, flits, flite, flirt, flips, flint, fling, flies, flier, flied, flics, flick, fleys, flews, flesh, fleet, flees, fleer, fleck, fleas, fleam, flays, flaxy, flawy, flaws, flats, flask, flash, flare, flaps, flans, flank, flamy, flams, flame, flaky, flake, flair, flail, flags, flack, flabs, fjord, fjeld, fizzy, fixit, fixes, fixer, fixed, fives, fiver, fitly, fitch, fists, fishy, fiscs, firth, first, firry, firns, firms, fires, firer, fired, fique, fiord, finos, finny, finks, finis, fines, finer, fined, finds, finch, final, filum, filth, filos, filmy, films, filly, fills, fillo, fille, filet, files, filer, filed, filch, filar, fight, fifty, fifth, fifes, fifer, fifed, fiery, fiend, field, fiefs, fidos, fidge, ficus, ficin, fichu, fiche, fices, fibre, fiber, fiats, fiars, fezes, feyly, feyer, fewer, fever, feued, feuds, feuar, fetus, fetor, fetid, fetes, feted, fetch, fetas, fetal, fesse, feaze, feats, feast, fease, fears, fazes, fazed, fayed, faxes, faxed, fawny, fawns, favus, favor, faves, favas, fauve, fauns, fauna, fault, fauld, faugh, fatwa, fatty, fatso, fatly    
5: hoody, hoods, hooch, honor, honky, honks, hongs, honey, hones, honer, honed, honda, honan, homos, homey, homes, homer, homed, holts, holms, holly, hollo, holla, holks, holey, holes, holed, holds, hokum, hokku, hokey, hokes, hoked, hoist, hoise, hoick, hoggs, hogan, hoers, hodad, hocus, hocks, hobos, hobby, hoary, hoars, hoard, hoagy, hives, hived, hitch, hists, hissy, hires, hirer, hired, hippy, hippo, hints, hinny, hinge, hinds, hilus, hilum, hilts, hilly, hills, hillo, hilar, hikes, hiker, hiked, hight, highs, hides, hider, hided, hicks, hexyl, hexes, hexer, hexed, hexad, hewer, hewed, heugh, heuch, heths, hests, hertz, herry, heros, heron, herns, herms, herma, herls, heres, herds, herby, herbs, hents, henry, henna, hence, hempy, hemps, hemin, hemic, hemes, hemal, helve, helps, helot, helos, helms, hells, hello, helix, helio, heist, heirs, heils, heigh, hefty, hefts, heeze, heels, heeds, hedgy, hedge, heder, hecks, hebes, heavy, heave, heats, heath, heart, hears, heard, heaps, heals, heady, heads, hazes, hazer, hazel, hazed, hazan, hayer, hayed, hawse, hawks, hawed, havoc, haves, haver, haven, haute, haunt, hauls, haulm, haugh, hates, hater, hated, hatch, hasty, haste, hasps, harts, harsh, harry, harpy, harps, harms, harls, harks, hares, harem, hared, hardy, hards, happy, haply, hapax, haole, hants, hanse, hansa, hanky, hanks, hangs, handy, hands, hance, hamza, hammy, hames, hamal, halve, halva, halts, halos, halms, halma, halls, hallo, halid, hales, haler, haled, hakim, hakes, hajji, hajis, hajes, hairy, hairs, hails, haiku, haiks, haika, hahas, hafts, hafiz, hafis, haets, haems, hadst, hadji, hades, haded, hadal, hacks, hacek, habus, habit, haars, haafs, gyves, gyved, gyrus, gyros, gyron, gyres, gyred, gyral, gypsy, gybes, gybed, guyot, guyed, gutty, gutta, gutsy, gusty, gusts, gusto, gussy, gushy, gurus, gursh, gurry, gurge, guppy, grows, grown, growl, grove, grout, group, grots, grosz, gross, grope, groom, groin, grogs, grody, groat, groan, grits, grith, grist, gripy, gript, grips, gripe, griot, grins, grind, grimy, grime, grill, grigs, grift, griff, grief, grids, gride, greys, grego, greet, grees, gunny, gunky, gunks, gummy, gumma, gumbo, gulpy, gulps, gully, gulls, gulfy, gulfs, gules, gulch, gular, gulag, guise, guiro, guilt, guile, guild, guids, guide, guffs, guest, guess, gudes, gucks, guava, guars, guard, guans, guano, guaco, grunt, grump, grume, gruff, grues, gruel, grubs, green, greek, greed, grebe, great, graze, grays, gravy, grave, grate, grass, grasp, grapy, graph, grape, grant, grans, grand, grana, grams, gramp, grama, grain, grail, graft, grads, grade, grace, grabs, graal, goyim, goxes, gowns, gowks, gowds, gowan, gouty, gouts, gourd, gouge, gorsy, gorse, gorps, gorge, gores, gored, goral, gopik, goosy, goose, goopy, goops, goony, goons, gooky, gooks, goofy, goofs, gooey, goody, goods, gonzo, gonof, gonif, gonia, gongs, goner, gonef, gonad, gombo, golly, golfs, golem, golds, going, gogos, gofer, goers, godly, godet, gobos, goban, goats, goals, goads, gnome, gnaws, gnawn, gnats, gnash, gnars, gnarr, gnarl, glyph, gluts, gluon, glume, glugs, gluey, glues, gluer, glued, gloze, glows, glove, glout, glost, gloss, glory, glops, gloom, gloms, glogg, globs, globe, gloat, gloam, glitz, glint, glims, glime, gliff, glide, glias, glial, gleys, glens, gleet, glees, gleek, gleed, gleds, glede, glebe, gleba, glean, gleam, glazy, glaze, glass, glary, glare, glans, gland, glair, glady, glads, glade, glace, gizmo, gives, giver, given    
5: known, knout, knots, knosp, knops, knoll, knock, knobs, knits, knish, knife, knelt, knell, knees, kneel, kneed, knead, knave, knaur, knars, knaps, knack, klutz, kluge, kloof, klong, kiwis, kivas, kitty, kiths, kithe, kites, kiter, kited, kists, kissy, kirns, kirks, kiosk, kinos, kinky, kinks, kinin, kings, kines, kinds, kinas, kilty, kilts, kilos, kilns, kills, kilim, kikes, kiers, kiefs, kiddy, kiddo, kicky, kicks, kibla, kibes, kibei, kibbi, kibbe, kiang, khoum, khets, kheth, kheda, khats, khaph, khans, khaki, khafs, khadi, keyed, kexes, kevil, kevel, ketol, ketch, kerry, kerns, kerne, kerfs, kerbs, kepis, kenos, kendo, kench, kenaf, kempt, kemps, kelpy, kelps, kelly, kelim, kelep, keirs, kefir, keeve, keets, keeps, keens, keels, keeks, keefs, kedge, kecks, kebob, kebar, kebab, kbars, kazoo, kayos, kayak, kavas, kaury, kauri, katas, kasha, karts, karst, karoo, karns, karma, karat, kaput, kappa, kapok, kaphs, kapas, kaons, kanji, kanes, kanas, kamik, kames, kalpa, kalif, kales, kalam, kakis, kakas, kains, kails, kaifs, kaiak, kagus, kafir, kadis, kabob, kabar, kabab, jutty, jutes, justs, juror, jurel, jurat, jural, jupon, jupes, junto, junta, junky, junks, junco, jumpy, jumps, jumbo, julep, jukes, juked, jujus, juicy, juice, jugum, jugal, judos, judge, judas, jubes, jubas, joyed, jowly, jowls, jowed, jowar, joust, joule, jouks, joual, jotty, jotas, jorum, joram, jones, jolty, jolts, jolly, joles, jokey, jokes, joker, joked, joist, joint, joins, johns, joeys, jocks, jocko, jnana, jivey, jives, jiver, jived, jisms, jinns, jinni, jinks, jingo, jimpy, jimmy, jilts, jills, jihad, jiffy, jiffs, jibes, jiber, jibed, jibbs, jewel, jewed, jetty, jeton, jetes, jests, jesse, jerry, jerky, jerks, jerid, jenny, jemmy, jelly, jells, jehus, jehad, jefes, jeers, jeeps, jebel, jeans, jazzy, jawed, jawan, javas, jaups, jaunt, jauks, jatos, jarls, japes, japer, japed, japan, janty, janes, jammy, jambs, jambe, jalop, jalap, jakes, jails, jagra, jaggy, jaggs, jager, jades, jaded, jacky, jacks, jacal, jabot, izars, ixtle, ixora, ixias, ivory, ivies, ivied, ither, items, itchy, istle, issue, issei, islet, isles, isled, isbas, irony, irons, irone, iroko, irked, iring, irids, irate, irade, iotas, ionic, iodin, iodid, iodic, invar, inurn, inure, intro, intis, inter, inset, input, inner, inned, inlet, inlay, inkle, inker, inked, inion, ingot, ingle, infra, infos, infix, infer, inert, inept, indue, indri, indow, indol, indie, index, incus, incur, incog, inbye, inarm, inapt, inane, imply, impis, impel, imped, immix, imino, imine, imids, imido, imide, imbue, imbed, imaum, imams, imago, image, iller, ilium, ilial, iliad, iliac, ileus, ileum, ileal, ileac, ikons, ikats, ihram, iglus, igloo, idyls, idyll, idols, idles, idler, idled, idiot, idiom, ideas, ideal, ictus, ictic, icons, icker, icing, icily, icier, ichor, iambs, iambi, hyson, hyrax, hypos, hymen, hylas, hying, hyena, hydro, hydra, huzza, hutch, hussy, husky, husks, hurts, hurst, hurry, hurly, hurls, hurds, hunts, hypha, hypes, hyper, hyped, hyoid, hymns, hunky, hunks, hunch, humus, humpy, humps, humph, humor, humid, humic, human, hulls, hullo, hulky, hulks, hulas, huger, huffy, huffs, hucks, hubby, hoyle, hoyas, howls, howks, howfs, howff, howes, howdy, hover, hovel, house, hours, houri, hound, hotly, hotel, hotch, hosts, hosta, hoses, hosen, hosel, hosed, horsy, horst, horse, horny, horns, horde, horas, horal, horah, hoppy, hopes, hoper, hoped, hooty, hoots, hoops, hooly, hooky, hooks, hooka, hoofs, hooey    
5: malty, malts, malmy, malms, malls, malic, males, malar, makos, makes, maker, makar, major, maize, maist, mairs, mains, maims, mails, maill, maile, maids, mahoe, magus, magot, magma, magic, mages, mafic, mafia, madre, madly, madam, macro, macon, macle, macks, machs, macho, mache, maces, macer, maced, macaw, mabes, maars, lytta, lytic, lyssa, lysis, lysin, lyses, lysed, lyric, lyres, lynch, lymph, lying, lycee, lycea, lyase, lyart, lyard, lweis, luxes, lutes, luted, lutea, lusus, lusty, lusts, lurks, lurid, lures, lurer, lured, lurch, lupus, lupin, lunts, lunks, lungs, lungi, lunge, lunet, lunes, lunch, lunas, lunar, lumpy, lumps, lumen, lulus, lulls, luges, luger, luged, luffs, luffa, ludic, ludes, lucre, lucky, lucks, lucid, luces, lubes, lubed, luaus, loyal, loxes, loxed, lowse, lowly, lowes, lower, lowed, loves, lover, loved, lovat, louts, lousy, louse, loury, lours, loups, loupe, louis, louie, lough, lotus, lotto, lotte, lotos, lotic, lotas, lotah, lossy, loses, loser, losel, lorry, loris, lores, lords, loran, loral, loppy, lopes, loper, loped, loots, loose, loopy, loops, loony, loons, looms, looks, looie, loofs, loofa, looey, looed, looby, longs, longe, loner, lolly, lolls, loins, logos, logoi, logic, logia, loggy, loges, logan, lofty, lofts, loess, lodge, lodes, loden, locus, locum, locos, locks, lochs, local, lobos, lobes, lobed, lobby, lobar, loath, loans, loamy, loams, loafs, loads, loach, llano, llama, livre, livid, lives, liver, liven, lived, litre, litho, lithe, liter, litas, litai, lists, lisps, lisle, lirot, liras, lippy, lipin, lipid, lions, linum, linty, lints, linos, linns, linky, links, linin, lingy, lings, lingo, linga, liney, lines, liner, linen, lined, lindy, linac, limps, limpa, limos, limns, limit, limey, limes, limen, limed, limby, limbs, limbo, limbi, limba, limas, liman, lilts, lilac, likes, liker, liken, liked, light, liger, ligan, lifts, lifer, lieve, lieus, liers, liens, liege, lidos, lidar, licks, licit, licht, lichi, libri, libra, liber, libel, liars, liard, liang, liane, liana, lezzy, lexis, lexes, lewis, levin, lever, level, levee, leuds, letup, lethe, letch, lepta, leper, leone, lento, lense, lenos, lenis, lenes, lends, lemur, lemon, lemma, leman, lehua, lehrs, legit, leggy, leges, leger, legal, lefty, lefts, leets, leery, leers, leeks, leech, ledgy, ledge, leben, leavy, leave, least, leash, lease, leary, lears, learn, leapt, leaps, leant, leans, leaky, leaks, leafy, leafs, leady, leads, leach, lazes, lazed, lazar, layup, layer, layed, laxly, laxer, lawny, lawns, lawed, laves, laver, laved, lavas, laura, laugh, lauds, lauan, latte, latke, lathy, laths, lathi, lathe, latex, later, laten, lated, latch, lasts, lasso, lases, laser, lased, larva, larum, larky, larks, laris, largo, large, lares, laree, lardy, lards, larch, lapse, lapis, lapin, lapel, lanky, lanes, lands, lance, lanai, lamps, lamia, lames, lamer, lamed, lamby, lambs, lamas, lalls, lakhs, lakes, laker, laked, laity, laith, lairs, laird, laigh, laics, laich, lahar, lager, lagan, laevo, ladle, lades, lader, laden, laded, lacks, lacey, laces, lacer, laced, labra, labor, labia, label, laari, kythe, kytes, kyrie, kylix, kyats, kyars, kyaks, kyack, kvass, kusso, kurus, kurta, kumys, kulak, kukri, kugel, kudzu, kudus, kudos, krubi, kroon, krone, krona, krill, kreep, kraut, krait, kraft, kraal, kotow, kotos, korun, korat, korai, koppa, kopje, kophs, kopek, kooky, kooks, konks, kolos, kolas, koine, kohls, koels, kobos, koans, koala, knurs, knurl, knows    
5: nixes, nixed, nival, nitty, nitro, nitre, niton, nitid, nites, niter, nisus, nisei, nippy, nipas, ninth, ninon, ninny, ninja, nines, nimbi, nills, nihil, night, nighs, nifty, nieve, niece, nidus, nides, nided, nidal, nicol, nicks, niche, nicer, neons, nenes, nemas, nelly, neist, neigh, neifs, negus, neeps, neems, needy, needs, necks, neats, neath, nears, neaps, nazis, nawab, navvy, naves, navel, navar, naval, natty, nates, natch, natal, nasty, nasal, narky, narks, naris, naric, nares, nards, narcs, narco, nappy, nappe, napes, nanny, nancy, nance, nanas, names, namer, named, naled, naked, naive, naira, nails, naifs, naiad, naggy, naevi, nadir, nadas, nacre, nacho, nabob, nabis, nabes, naans, mythy, myths, mysid, myrrh, myopy, myope, myoma, myoid, mynas, mynah, muzzy, mutts, muton, mutes, muter, muted, mutch, musty, musts, musth, mussy, musky, musks, music, mushy, muses, muser, mused, musca, murry, murrs, murre, murra, murky, murks, murid, murex, mures, mured, muras, mural, muons, munis, mungo, munch, mumus, mumps, mummy, mumms, mulls, mulla, muley, mules, muled, mulct, mulch, mujik, muhly, muggy, muggs, mufti, muffs, mudra, muddy, mucus, mucro, mucor, mucky, mucks, mucin, mucid, mozos, moxie, moxas, mower, mowed, movie, moves, mover, moved, mouth, mousy, mouse, mourn, mount, mound, moult, mould, moues, mouch, motts, motto, motte, motor, motif, mothy, moths, motey, motet, motes, motel, mosts, moste, mossy, mosso, mosks, mosey, morts, morse, morro, morph, moron, morns, mores, morel, moray, moras, moral, morae, mopey, mopes, moper, moped, moots, moose, moory, moors, moony, moons, mools, moola, mooed, moody, moods, mooch, month, monte, monos, monks, monie, mongo, money, mondo, monde, monas, monad, momus, mommy, momma, momes, molts, molto, molly, molls, moles, moldy, molds, molas, molar, molal, mokes, mojos, moist, moire, moira, moils, mohur, mohel, mogul, moggy, modus, modes, modem, model, modal, mocks, mocha, misos, mises, miser, misdo, moats, moans, mizen, mixup, mixes, mixer, mixed, mitts, mitre, mitis, mites, miter, misty, mists, missy, mirza, mirth, mirky, mirks, mirex, mires, mired, minus, minty, mints, minor, minny, minks, minke, minis, minim, mingy, mines, miner, mined, minds, mincy, mince, minas, minae, mimic, mimes, mimer, mimeo, mimed, milty, milts, milpa, milos, mills, mille, milky, milks, milia, miles, miler, milch, mikra, mikes, miked, might, miggs, miffy, miffs, miens, midst, midis, midge, middy, micro, micra, micks, miche, micas, miaul, miasm, miaow, miaou, mezzo, mezes, mewls, mewed, metro, metre, metis, meths, metes, meter, meted, metal, messy, meson, mesne, mesic, meshy, mesas, merry, merls, merle, merks, merit, merge, meres, merer, merde, mercy, meows, meous, menus, menta, mense, mensa, mends, menad, memos, memes, melts, melon, mells, melic, melee, melds, meiny, meets, meeds, medii, medic, media, medal, mecca, meaty, meats, meany, meant, means, mealy, meals, meads, mbira, mazes, mazer, mazed, mayst, mayos, mayor, mayed, maybe, mayas, mayan, maxis, maxim, maxes, mawed, mavis, mavin, mavie, maven, mauve, mauts, maund, mauls, mauds, matzo, matza, matts, matte, matin, maths, matey, mates, mater, mated, match, masts, massy, masse, massa, mason, masks, mashy, maser, marvy, marts, marsh, marse, marry, marly, marls, marks, maria, marge, mares, marcs, march, maqui, maple, manus, manta, manse, manos, manor, manna, manly, manic, mania, mangy, mango, mange, manes, maned, manat, manas, mammy, mamma, mamie, mamey, mambo, mamba, mamas    
5: pical, pibal, pians, piano, phyle, phyla, phuts, phpht, phots, photo, phony, phons, phono, phone, phlox, phial, phase, phage, pewit, pewee, petty, petto, petti, petit, peter, petal, pesty, pests, pesto, pesos, pesky, perse, perry, perps, perms, perky, perks, peris, peril, perea, perdy, perdu, perch, peppy, pepos, pepla, peony, peons, penny, penni, penne, penna, penis, pengo, penes, pends, pence, penal, pelts, pelon, pelfs, peles, pekoe, pekin, pekes, pekan, peise, peins, peeve, peery, peers, peeps, peens, peels, peeks, pedro, pedes, pedal, pecky, pecks, pechs, pecan, peavy, peaty, peats, pease, peart, pears, pearl, peans, peals, peaky, peaks, peags, peage, peach, peace, payor, payer, payee, payed, paxes, pawns, pawls, pawky, pawer, pawed, pavis, pavin, pavid, paves, paver, paved, pavan, pause, patty, patsy, patly, patio, patin, paths, pates, pater, paten, pated, patch, pasty, pasts, paste, pasta, passe, pasha, pases, paseo, parvo, parve, party, parts, parse, parry, parrs, parol, parle, parks, parka, paris, pargo, parge, pareu, pares, parer, pareo, pared, pardy, pards, pardi, parch, paras, parae, pappy, pappi, paper, papaw, papas, papal, panty, pants, panto, pansy, panne, panic, pangs, panga, panes, panel, paned, pandy, panda, pampa, palsy, palps, palpi, palmy, palms, pally, palls, palet, pales, paler, paled, palea, paise, paisa, pairs, paint, pains, pails, paiks, pagod, pages, pager, paged, pagan, paeon, paean, padri, padre, padle, padis, paddy, pacts, packs, pacha, paces, pacer, paced, pacas, ozone, oyers, oxter, oxlip, oxims, oxime, oxids, oxide, oxeye, oxbow, owsen, owner, owned, owlet, owing, ovule, ovolo, ovoli, ovoid, ovine, overt, overs, ovens, ovate, ovary, ovals, ouzos, ouzel, outre, outgo, outer, outed, outdo, outby, ousts, ousel, ourie, ouphs, ouphe, ounce, ought, ottos, otter, ottar, other, ostia, ossia, osmol, osmic, osier, orzos, ortho, orris, orpin, ornis, ormer, orlop, orles, oriel, oribi, orgic, organ, oread, ordos, order, orcin, orcas, orbit, orbed, orate, orang, orals, orach, optic, opted, opsin, opium, oping, opine, opera, opens, opals, opahs, oozes, oozed, ootid, oorie, oomph, oohed, ontic, onset, onium, onion, onery, onces, omits, omers, omens, omega, ombre, omber, omasa, ology, ollas, olive, olios, oleum, oleos, olein, oleic, oldie, older, olden, okras, okehs, okays, okapi, oinks, oiler, oiled, oidia, ohmic, ohing, ohias, ogres, ogles, ogler, ogled, ogive, ogham, ogees, ogams, ofter, often, offer, offed, offal, ofays, odyls, odyle, odour, odors, odium, odist, odeum, odeon, oddly, odder, oculi, octyl, octet, octan, octal, octad, ocrea, ocker, ochry, ochre, ocher, ocean, occur, obols, oboli, obole, oboes, objet, obits, obias, obeys, obese, obeli, obeah, oaves, oaths, oater, oaten, oasts, oasis, oases, oared, oakum, oaken, nymph, nylon, nyala, nutty, nutsy, nurse, nurls, nurds, numen, numbs, nulls, nukes, nuked, nudzh, nudie, nudge, nudes, nuder, nucha, nubia, nubby, nowts, noway, novel, novas, novae, nouns, notum, notes, noter, noted, notch, notal, nosey, noses, nosed, north, norms, noris, noria, nopal, noose, noons, nooky, nooks, nonyl, nonet, nones, nonce, nonas, nomos, nomoi, nomes, nomen, nomas, nomad, nolos, noisy, noise, noirs, noily, noils, nohow, noggs, nicad, ngwee, nexus, newts, newsy, newly, newie, newer, newel, nevus, neves, never, neums, neume, neuks, netty, netts, netop, nests, nervy, nerve, nertz, nerts, nerol, nerdy, nerds, noels, nodus, nodes, noddy, nodal, nocks, nobly, noble, nobby, nizam, nixie    
5: rayon, rayed, rayas, rayah, raxes, raxed, rawly, rawin, rawer, ravin, raves, raver, raven, ravel, raved, ratty, ratos, ratio, rathe, rates, rater, ratel, rated, ratch, ratan, ratal, raspy, rasps, rases, raser, rased, rares, rarer, rared, rapid, raphe, rapes, raper, raped, rants, ranks, ranis, ranid, rangy, range, ranee, randy, rands, ranch, rance, ramus, ramps, rammy, ramie, ramet, ramen, ramee, ralph, rally, rales, rakis, rakes, raker, rakee, raked, rajes, rajas, rajah, raise, rainy, rains, rails, raids, raias, ragis, raggy, rages, ragee, raged, ragas, rafts, raffs, radon, radix, radio, radii, radar, racon, racks, races, racer, raced, rabid, rabic, rabbi, rabat, qursh, quoth, quote, quota, quoit, quoin, quods, quits, quite, quirt, quirk, quire, quipu, quips, quint, quins, quilt, quill, quiff, quiet, quids, quick, queys, queue, quest, query, quern, quell, queer, queen, quean, quays, quate, quass, quasi, quash, quart, quark, quare, quant, qualm, quale, quaky, quake, quais, quail, quags, quaff, quads, quack, qophs, qanat, qaids, pyxis, pyxie, pyxes, pyric, pyres, pyran, pyoid, pylon, pyins, pygmy, putty, putts, putto, putti, puton, pussy, pushy, puses, pursy, purse, purrs, purls, puris, purin, purge, purer, puree, purda, puppy, pupil, pupas, pupal, pupae, punty, punts, punto, punny, punky, punks, punka, pungs, punch, punas, pumps, pumas, pulse, pulpy, pulps, pulls, pulis, pulik, pules, puler, puled, pukka, pukes, puked, pujas, pujah, puggy, puffy, puffs, pudic, pudgy, pucks, pucka, puces, pubis, pubic, pubes, psych, psoas, psoai, psoae, pshaw, pseud, psalm, pryer, pruta, prune, prude, proxy, prows, prowl, prove, proud, prosy, prost, pross, proso, prose, props, proof, prong, prone, proms, promo, prole, progs, profs, proem, prods, probe, proas, prize, privy, priss, prism, prise, prior, prion, print, prink, prims, primp, primo, primi, prime, prima, prill, prigs, pries, prier, pried, pride, pricy, prick, price, preys, prexy, prest, press, prese, presa, preps, prees, preen, preed, prays, prawn, praus, prats, prate, prase, praos, prank, prang, prams, prahu, praam, poyou, poxes, poxed, power, pouty, pouts, pours, pound, poult, poufs, pouff, pouch, potty, potto, potsy, posts, posse, posit, poses, poser, posed, ports, porny, porns, porno, porky, porks, porgy, pores, pored, porch, popsy, poppy, poppa, popes, poove, poori, poops, poons, pools, pooka, poohs, poofy, poofs, poods, pooch, pongs, pones, ponds, ponce, pomps, pommy, pomes, polys, polyp, polos, polls, polka, polis, polio, poles, poler, poled, polar, pokey, pokes, poker, poked, poise, point, poind, poilu, pogey, poets, poesy, poems, podia, podgy, pocky, pocks, poach, plyer, plush, plunk, plumy, plums, plump, plume, plumb, plugs, pluck, ploys, plows, plotz, plots, plops, plonk, plods, plink, plies, plier, plied, plica, plews, plena, plebs, plebe, pleat, pleas, plead, plaza, plays, playa, platy, plats, plate, plasm, plash, plant, plans, plank, plane, plait, plain, plaid, plage, plack, place, pizza, pixie, pixes, pixel, pivot, piton, pithy, piths, pitch, pitas, piste, pisos, pisco, pirog, pirns, pique, pipit, pipet, pipes, piper, piped, pipal, pious, pions, pinup, pints, pinto, pinta, pinot, pinon, pinny, pinna, pinky, pinks, pinko, pings, pingo, piney, pines, pined, pinch, pinas, pimps, pimas, pilus, pilot, pills, pilis, piles, pilei, piled, pilea, pilaw, pilau, pilar, pilaf, pikis, pikes, piker, piked, pikas, piing, pigmy, piggy, piety, pieta, piers, piece, picul, picot, picky, picks, picas    
5: scuta, scurf, scups, scums, sculp, scull, sculk, scuff, scuds, scudo, scudi, scuba, scrum, scrub, scrod, scrip, scrim, screw, scree, scrap, scram, scrag, scows, scowl, scout, scour, scots, scorn, score, scops, scope, scoot, scoop, scone, scold, scoff, scion, schwa, schul, schmo, schav, scent, scene, scend, scena, scaur, scaup, scatt, scats, scary, scart, scars, scarp, scarf, scare, scape, scant, scans, scams, scamp, scaly, scalp, scall, scale, scald, scags, scads, scabs, sayst, sayid, sayer, saxes, sawer, sawed, savvy, savoy, savor, savin, saves, saver, saved, saute, saury, sauna, sault, sauls, saugh, saucy, sauch, sauce, satyr, satis, satin, sates, satem, sated, satay, sassy, sasin, saros, sarod, sarky, sarks, saris, sarin, sarge, saree, sards, saran, sappy, sapor, sapid, santo, sangh, sanga, sanes, saner, saned, sandy, sands, samps, samek, sambo, samba, salvo, salve, salty, salts, salsa, salps, salpa, salon, salol, salmi, sally, salic, sales, salep, salal, salad, sakis, sakes, saker, sajou, saith, saint, sains, sails, saiga, saids, saice, sahib, sagum, sagos, saggy, sages, sager, sagas, safes, safer, sadly, sadis, sadhu, sadhe, sades, sacra, sacks, sabre, sabra, sabot, sable, sabir, sabin, sabes, saber, sabed, ryots, rynds, rykes, ryked, rutty, rutin, ruths, rusty, rusts, rusks, rushy, ruses, rural, rupee, runty, runts, runny, runic, rungs, runes, rumps, rumor, rummy, rumen, rumba, rules, ruler, ruled, ruins, ruing, rugby, rugal, rugae, ruffs, ruffe, ruers, ruder, ruddy, rudds, rucks, ruche, rubus, ruble, rubes, ruana, royal, rowth, rower, rowen, rowel, rowed, rowdy, rowan, roves, rover, roven, roved, routs, routh, route, roust, rouse, roupy, roups, round, rough, rouge, roues, rouen, rotte, rotos, rotor, rotls, rotis, rotes, rotch, rotas, rosin, roset, roses, rosed, roque, ropey, ropes, roper, roped, rooty, roots, roost, roose, roomy, rooms, rooky, rooks, roofs, roods, rondo, romps, romeo, roman, rolls, rolfs, roles, roily, roils, rogue, roger, rodeo, rocky, rocks, robot, roble, robin, robes, robed, roast, roars, roans, roams, roads, roach, riyal, rivet, rives, river, riven, rived, rival, ritzy, rites, risus, risky, risks, rishi, rises, riser, risen, ripes, riper, ripen, riped, riots, rioja, rinse, rinks, rings, rinds, rimes, rimer, rimed, rills, rille, riley, riles, riled, rigor, rigid, right, rifts, rifle, riffs, rifer, riels, ridgy, ridge, rides, rider, ricks, ricin, rices, ricer, riced, ribes, ribby, riata, riant, rials, rhyta, rhyme, rhumb, rhomb, rhino, rheum, rheas, rexes, rewon, rewin, rewet, rewed, rewax, rewan, revue, revet, revel, reuse, retry, retro, retie, retia, retem, retch, retax, retag, rests, resow, resod, resin, resid, resew, reset, resee, resay, resaw, rerun, rerig, reran, repro, repps, repot, repos, reply, repin, repel, repeg, repay, reoil, rents, rente, renin, renig, renew, rends, renal, remix, remit, remex, remet, remap, reman, relit, relic, relet, relay, relax, rekey, reive, reins, reink, reign, reify, reifs, rehem, rehab, regna, regma, reges, regal, refry, refly, refix, refit, refer, refel, refed, reeve, reest, reels, reeky, reeks, reefy, reefs, reedy, reeds, redye, redux, redub, redry, redox, redos, redon, redly, redip, redid, redia, redes, reded, redds, redan, recut, recur, recto, recti, recta, recon, recks, recce, recap, rebuy, rebut, rebus, rebop, rebid, rebel, rebec, rebbe, rebar, reave, reata, rears, rearm, reaps, reams, reals, realm, ready, reads, readd, react, reach, razor, razes, razer, razee, razed    
5: soras, soppy, sopor, sophy, sophs, sooty, soots, sooth, sooks, sooey, sonsy, sonny, sonly, sonic, songs, sones, sonde, sonar, somas, solve, solus, solum, solos, solon, solid, soles, solei, soled, soldo, soldi, solar, solan, sokol, sokes, sojas, soils, soggy, softy, softs, softa, sofas, sofar, sodom, sodic, soddy, sodas, socle, socks, socko, sober, soave, soars, soapy, soaps, soaks, snyes, snugs, snuff, snuck, snubs, snowy, snows, snout, snots, snort, snore, snoot, snoop, snool, snook, snood, snogs, snobs, snits, snips, snipe, sniff, snide, snick, snibs, snell, sneer, sneds, sneck, sneap, sneak, snaws, snath, snash, snarl, snark, snare, snaps, snaky, snake, snail, snags, snafu, snack, smuts, smote, smolt, smoky, smoke, smogs, smock, smith, smite, smirk, smile, smews, smerk, smelt, smell, smeek, smear, smaze, smash, smart, smarm, smalt, small, smack, slype, slyly, slyer, sluts, slush, slurs, slurp, slurb, slunk, slung, slums, slump, slugs, sluff, slues, slued, slubs, sloyd, slows, slots, sloth, slosh, slops, slope, sloop, slojd, sloid, slogs, sloes, slobs, slits, slipt, slips, slipe, slink, sling, slimy, slims, slime, slily, slier, slide, slick, slice, slews, slept, sleet, sleep, sleek, sleds, slays, slaws, slave, slaty, slats, slate, slash, slaps, slant, slank, slang, slams, slake, slain, slags, slack, slabs, skyey, skyed, skunk, skull, skulk, skuas, skosh, skoal, skive, skits, skite, skirt, skirr, skirl, skips, skint, skins, skink, skims, skimp, skimo, skill, skiff, skiey, skies, skier, skied, skids, skews, skeps, skene, skelp, skelm, skein, skegs, skeet, skees, skeen, skeed, skean, skats, skate, skald, skags, sizes, sizer, sized, sizar, sixty, sixth, sixte, sixmo, sixes, siver, situs, situp, sites, sited, sitar, sissy, sises, sisal, sirup, sirra, sires, siren, siree, sired, sipes, siped, sinus, sinks, sinhs, sings, singe, sinew, sines, since, simps, simas, simar, silva, silty, silts, silos, silly, sills, silky, silks, silex, silds, sikes, siker, signs, sigma, sigil, sight, sighs, sifts, sieve, sieur, siege, sidle, sides, sided, sicks, sicko, sices, sibyl, sibbs, sials, shyly, shyer, shuts, shute, shush, shunt, shuns, shuls, shuln, shuck, shtik, shrug, shrub, shris, shrew, shred, shoyu, showy, shows, shown, shove, shout, shott, shots, shote, short, shorn, shorl, shore, shops, shoot, shoos, shoon, shool, shook, shone, shoji, shogs, shoes, shoer, shoed, shock, shoat, shoal, shlep, shivs, shive, shiva, shits, shist, shirt, shirr, shirk, shire, ships, shiny, shins, shine, shims, shily, shill, shift, shies, shier, shiel, shied, shews, shewn, sherd, sheol, shent, shend, shell, shelf, sheik, sheet, sheer, sheep, sheen, sheds, sheas, shear, sheal, sheaf, shays, shaws, shawn, shawm, shawl, shave, shaul, sharp, sharn, shark, share, shard, shape, shank, shams, shame, shaly, shalt, shall, shale, shaky, shako, shake, shahs, shags, shaft, shady, shads, shade, shack, sexts, sexto, sexes, sexed, sewer, sewed, sewar, sewan, sever, seven, setup, setts, seton, setal, setae, servo, serve, serum, serry, serow, serin, serif, serge, serfs, seres, serer, sered, seral, serai, serac, septs, septa, sepoy, sepic, sepia, sepal, senti, sente, sense, sensa, senor, senna, sengi, sends, semis, semes, semen, selva, sells, selle, selfs, selah, seize, seism, seise, seine, seifs, segue, segos, segno, segni, seers, seepy, seeps, seems, seely, seels, seeks, seedy, seeds, sedum, sedgy, sedge, seder, sedan, sects, secco, sebum, seats, sears, seamy, seams, seals, scuts, scute    
5: teeny, teens, teems, teels, teddy, tecta, techy, teats, tease, teary, tears, teams, teals, teaks, teach, tazze, tazza, taxus, taxon, taxis, taxes, taxer, taxed, tawse, tawny, tawie, tawer, tawed, tauts, taupe, taunt, tatty, tates, tater, tatar, tasty, taste, tasse, tasks, tarty, tarts, tarsi, tarry, tarre, tarps, tarot, taros, tarok, taroc, tarns, targe, tares, tared, tardy, tardo, tapis, tapir, tapes, taper, taped, tapas, tanto, tansy, tanks, tanka, tangy, tangs, tango, tamps, tammy, tamis, tames, tamer, tamed, tamal, talus, taluk, talon, tally, talky, talks, tales, taler, talcs, talas, talar, takin, takes, taker, taken, takas, tajes, taint, tains, tails, taiga, tahrs, tafia, taffy, taels, tacts, tacos, tacky, tacks, tacit, tachs, tache, tacet, taces, tabus, tabun, tabor, taboo, table, tabla, tabid, tabes, taber, tabby, sysop, syrup, syren, syphs, synth, synod, syncs, synch, sylva, sylph, sylis, sykes, syces, sycee, swung, swoun, swots, sworn, swore, sword, swops, swoop, swoon, swobs, swive, swith, swiss, swish, swirl, swipe, swink, swing, swine, swims, swill, swigs, swift, swept, swell, sweet, sweer, sweep, swede, sweat, swear, sways, swats, swath, swash, swart, swarm, swarf, sware, sward, swaps, swans, swank, swang, swamy, swamp, swami, swale, swain, swail, swags, swage, swabs, sutta, sutra, sushi, surra, surly, surgy, surge, surfy, surfs, surer, surds, suras, sural, surah, supra, supes, super, sunup, sunny, sunns, sunna, sumps, sumos, summa, sumac, sulus, sully, sulky, sulks, sulfo, sulfa, sulci, suits, suite, suint, suing, sughs, sugar, suety, suets, suers, suede, sudsy, sudor, sudds, sucre, sucks, suber, subas, subah, suave, stymy, styli, style, styes, styed, sturt, stupe, stupa, stunt, stuns, stunk, stung, stums, stump, stull, stuff, study, studs, stuck, stubs, strut, strum, stroy, strow, strop, strip, stria, strew, strep, stray, straw, strap, stows, stowp, stove, stout, stour, stoup, stoss, story, storm, stork, store, stopt, stops, stope, stoop, stool, stook, stood, stony, stone, stomp, stoma, stole, stoke, stoic, stogy, stock, stobs, stoat, stoas, stoai, stoae, stirs, stirp, stirk, stipe, stint, stink, sting, stimy, stime, stilt, still, stile, stiff, sties, stied, stick, stich, stews, stets, stern, stere, steps, steno, stems, stele, stela, stein, steer, steep, steel, steek, steed, steam, steal, steak, stead, stays, stave, stats, state, stash, start, stars, stark, stare, staph, stank, stang, stane, stand, stamp, stall, stalk, stale, stake, stair, stain, staig, staid, stagy, stags, stage, staff, stade, stack, stabs, squid, squib, squeg, squaw, squat, squad, squab, sputa, spurt, spurs, spurn, spunk, spumy, spume, spues, spued, spuds, sprug, sprue, sprit, sprig, spree, spray, sprat, sprag, spout, spots, sport, spore, spoor, spoon, spool, spook, spoof, spoke, spoil, spode, split, splay, splat, spivs, spitz, spits, spite, spiry, spirt, spire, spiny, spins, spine, spilt, spill, spile, spiky, spiks, spike, spiff, spies, spier, spiel, spied, spicy, spics, spick, spice, spica, spews, sperm, spent, spend, spelt, spell, speir, speil, speer, speel, speed, specs, speck, spear, spean, speak, spays, spawn, spats, spate, spasm, spars, spark, spare, spans, spank, spang, spams, spall, spale, spake, spait, spail, spahi, spaes, spaed, spado, spade, spacy, space, sozin, soyuz, soyas, sower, sowed, sowar, south, souse, sours, soupy, soups, sound, souls, souks, sough, sotol, soths, sorus, sorts, sorry, sorns, sorgo, sores, sorer, sorel, sords, sorbs    
5: unrig, unpin, unpen, unpeg, unmix, unmew, unmet, unman, unlit, unlet, unled, unlay, unjam, unity, units, unite, union, unify, unhip, unhat, ungot, unfix, unfit, unfed, undue, undid, under, undee, uncut, uncus, uncoy, uncos, uncle, uncia, uncap, unbox, unbid, unbar, unban, unaus, unary, unarm, unapt, unais, umped, umiaq, umiak, umiac, umbra, umbos, umber, umbel, ulvas, ultra, ulpan, ulnas, ulnar, ulnae, ulnad, ulema, ulcer, ulans, ulama, ukase, uhlan, udder, tzars, tythe, tyros, tyres, tyred, typps, typos, typic, typey, types, typed, typal, tynes, tyned, tykes, tyiyn, tying, tyers, tyees, twyer, twixt, twits, twist, twirp, twirl, twiny, twins, twine, twill, twigs, twier, twice, twerp, tweet, tween, tweed, tweak, twats, twang, twain, twaes, tuyer, tuxes, tutus, tutty, tutti, tutor, tutee, tusks, tushy, turps, turns, turks, turfy, turfs, turds, turbo, tuque, tupik, tunny, tunic, tungs, tunes, tuner, tuned, tunas, tumps, tumor, tummy, tumid, tulle, tulip, tules, tufty, tufts, tuffs, tufas, tucks, tubes, tuber, tubed, tubby, tubas, tubal, tubae, tsuba, tsked, tsars, tsadi, tsade, tryst, tryma, truth, trust, truss, trunk, trump, truly, trull, trugs, trues, truer, trued, truck, truce, troys, trows, trove, trout, trots, troth, trope, trooz, troop, trone, trona, tromp, troll, troke, trois, trode, trock, troak, trite, trips, tripe, trios, triol, trine, trims, trill, trike, trigs, trigo, tries, trier, tried, trick, trice, tribe, trial, triad, triac, treys, trews, trets, tress, trend, treks, trees, treen, treed, treat, tread, trays, trawl, trave, trass, trash, trapt, traps, trans, tranq, trank, trams, tramp, trait, train, trail, traik, tragi, trade, tract, track, trace, toyos, toyon, toyer, toyed, toxin, toxic, towny, towns, towie, tower, towel, towed, touts, touse, tours, tough, touch, totes, toter, totem, toted, total, torus, torts, torte, torso, torsk, torsi, torse, torot, toros, torii, toric, tores, torcs, torch, toras, torah, toque, topos, topoi, topis, topic, tophs, tophi, tophe, topes, toper, topee, toped, topaz, toots, tooth, toons, tools, tonus, tonne, tonic, tongs, tonga, toney, tones, toner, toned, tondo, tondi, tonal, tommy, tomes, tombs, toman, tolyl, tolus, tolls, toles, toled, tolas, tolar, tolan, tokes, toker, token, toked, tokay, toits, toils, toile, togue, togas, togae, tofus, tofts, toffy, toffs, toeas, toddy, today, toast, toady, toads, tizzy, titty, titre, title, titis, tithe, titer, titan, tiros, tirls, tires, tired, tipsy, tippy, tipis, tints, tinny, tings, tinge, tines, tined, tinea, tinct, timid, times, timer, timed, tilts, tilth, tills, tiles, tiler, tiled, tilde, tilak, tikis, tikes, tigon, tight, tiger, tiffs, tiers, tides, tided, tidal, ticks, tical, tibia, tiara, thymy, thymi, thyme, thuya, thurl, thunk, thump, thumb, thuja, thugs, thuds, thrum, throw, throe, throb, thrip, threw, three, thraw, thous, those, thorp, thoro, thorn, thong, thole, thirl, third, thiol, thins, think, thing, thine, thill, thigh, thief, thick, thewy, thews, theta, these, therm, there, thens, theme, their, thein, thegn, theft, theca, thebe, thaws, tharm, thank, thane, thack, texts, texas, tewed, teugh, teuch, tetra, teths, testy, tests, testa, tesla, terse, terry, terra, terns, terne, terms, terga, terce, terai, tepoy, tepid, tepee, tepas, tepal, tenty, tents, tenth, tense, tenor, tenon, tenia, tenge, tenet, tends, tench, tempt, temps, tempo, tempi, telos, teloi, telly, tells, telic, telia, telex, teles, telae, teind, teiid, tegua, teffs, teeth    
5: wrote, wrong, writs, write, wrist, wring, wries, wrier, wried, wrick, wrest, wrens, wreck, wreak, wrath, wrapt, wraps, wrang, wrack, wowed, woven, wound, would, worts, worth, worst, worse, worry, wormy, worms, world, works, wordy, words, woozy, woosh, woops, wooly, wools, woofs, wooer, wooed, woody, woods, wonts, wonky, wonks, women, womby, wombs, woman, wolfs, wolds, woken, woful, wodge, woald, woads, wizes, wizen, wives, wiver, wived, witty, withy, withe, wites, wited, witch, witan, wists, wispy, wisps, wisha, wises, wiser, wised, wirra, wires, wirer, wired, wipes, wiper, wiped, winze, winos, winks, wingy, wings, winey, wines, wined, windy, winds, winch, wince, wimpy, wimps, wilts, willy, wills, wiles, wiled, wilds, wilco, wight, wiggy, wigan, wifty, wifes, wifed, wield, width, widow, wides, wider, widen, widdy, wicks, whump, whoso, whose, whort, whorl, whore, whops, whoop, whoof, whomp, whole, whizz, whity, whits, white, whist, whisk, whish, whirs, whirr, whirl, whipt, whips, whiny, whins, whine, whims, while, whigs, whiff, whids, which, wheys, whews, whets, where, whens, whelp, whelm, whelk, wheep, wheen, wheel, wheat, wheal, whaup, whats, wharf, whaps, whang, whams, whamo, whale, whack, wetly, wests, wenny, wends, wench, welts, welsh, welly, wells, welds, welch, wekas, weirs, weird, weigh, wefts, weets, weest, weepy, weeps, weeny, weens, weeks, weedy, weeds, wedgy, wedge, wedel, wecht, weber, webby, weave, weary, wears, weans, weals, weald, wazoo, waxes, waxer, waxen, waxed, wawls, wavey, waves, waver, waved, wauls, wauks, waugh, watts, water, watch, watap, wasts, waste, waspy, wasps, washy, warty, warts, warps, warns, warms, warks, warez, wares, wared, wards, wants, wanly, waney, wanes, waned, wands, wamus, wames, waltz, wally, walls, walla, walks, wales, waler, waled, waldo, wakes, waker, waken, waked, waive, waits, waist, wairs, wains, wails, waifs, wahoo, wagon, wages, wager, waged, wafts, waffs, wafer, wadis, wades, wader, waded, waddy, wacky, wacks, wacko, wacke, vying, vulva, vulgo, vughs, vuggy, vuggs, vrows, vrouw, vroom, vower, vowel, vowed, vouch, votes, voter, voted, vomit, vomer, volva, volts, volti, volte, volta, voles, voled, volar, voile, voila, voids, voice, vogue, vogie, vodun, vodka, voces, vocal, vizor, vizir, vixen, vivid, vivas, vitta, vital, vitae, vista, visor, visit, vises, vised, visas, virus, virtu, virls, virid, virga, vires, vireo, viral, viper, viols, viola, vinyl, vinos, vinic, vines, vined, vinca, vinas, vinal, vimen, vills, villi, villa, viler, vigor, vigil, vigas, viewy, views, viers, video, vichy, vices, viced, vicar, vibes, viand, vials, vexil, vexes, vexer, vexed, vetch, vests, vesta, verve, vertu, verts, verst, verso, verse, verge, verbs, venue, vents, venom, venin, venge, vends, venal, venae, velum, veldt, velds, velar, veiny, veins, veils, vegie, vegan, veery, veers, veeps, veena, vealy, veals, vaunt, vault, vatus, vatic, vasty, vasts, vases, vasal, varve, varus, varna, varix, varia, varas, vapor, vapid, vangs, vanes, vaned, vanda, vamps, valve, value, valse, valor, valid, valet, vales, vakil, vairs, vails, vagus, vague, vagal, vacua, uvula, uveas, uveal, utter, utile, uteri, usury, usurp, usual, usque, usnea, using, usher, users, usage, ursae, urine, urial, urges, urger, urged, ureic, uredo, ureas, ureal, urbia, urban, urate, urase, urari, urare, uraei, upset, upper, upped, uplit, upend, updry, updos, upbye, upbow, unzip, unwon, unwit, unwed, until, untie, unsex, unsew, unset, unsay, unrip    
5: zowie, zoris, zoril, zorch, zooty, zoons, zooms, zooks, zooid, zonks, zones, zoner, zoned, zonal, zombi, zoeas, zoeal, zoeae, zloty, zlote, zizit, zitis, ziram, zippy, zinky, zingy, zings, zineb, zincy, zincs, zills, zilch, zibet, zetas, zesty, zests, zeros, zerks, zeins, zebus, zebra, zebec, zeals, zazen, zayin, zaxes, zarfs, zappy, zanza, zamia, zaire, zymes, yurts, yurta, yupon, yummy, yules, yulan, yugas, yucky, yucks, yucch, yucca, yucas, yuans, yowls, yowie, yowes, yowed, youth, youse, yours, yourn, young, yores, yonis, yonic, yomim, yolky, yolks, yokes, yokel, yoked, yogis, yogin, yogic, yoghs, yogee, yogas, yodle, yodhs, yodel, yocks, yobbo, ylems, yirth, yirrs, yirds, yipes, yince, yills, yikes, yield, yeuky, yeuks, yetts, yetis, yeses, yerks, yerba, yente, yenta, yelps, yells, yelks, yeggs, yechy, yechs, yecch, yeast, years, yearn, yeans, yawps, yawns, yawls, yawed, yaups, yauld, yauds, yarns, yarer, yards, yappy, yapon, yapok, yanks, yangs, yamun, yamen, yaird, yahoo, yagis, yager, yaffs, yacks, yacht, xysts, xysti, xylyl, xylol, xylem, xylan, xerus, xerox, xeric, xenon, xenic, xenia, xebec, wytes, wyted, wynns, wynds, wyles, wyled, wussy, wurst, wryly, wryer, wrung, wroth    
